id,name,email,phone,hashed_password,address,country,is_verified,created_at,updated_at,user_id
31,John Smith,john.smith@gmail.com,+1-555-0101,$2a$12$qw.JIfzWq1mWOwG.joAms.yXo131jbrcnHMpxXOWJ3pqHd6Yo6.Ky,,,f,2025-08-04 14:59:21.39,2025-08-04 14:59:21.39,3
32,Sarah Johnson,sarah.j@yahoo.com,+1-555-0102,$2a$12$DXxOTkRd5c4T8ZZAFkfD8eV4p2PX8JUoTOYee/EEFlOyeMXT1esZO,,,f,2025-08-04 14:59:21.699,2025-08-04 14:59:21.699,3
33,Michael Brown,mike.brown@hotmail.com,+1-555-0103,$2a$12$s3BNq3.LB.rnGY/syshtQOhsHSvX4uUtaM1itmAPI2FisbrUAc1S6,,,f,2025-08-04 14:59:21.978,2025-08-04 14:59:21.978,3
34,Emily Davis,emily.davis@gmail.com,+1-555-0104,$2a$12$cR2kAnlTJFmLVmdLgRB6OuOf6rB1WDt8y0TdtoC/zO5YYQCmYgJlK,,,f,2025-08-04 14:59:22.237,2025-08-04 14:59:22.237,3
35,David Wilson,david.w@company.com,+1-555-0105,$2a$12$e0EaDG.1fBW.U2bnNica0O9bUqYbYB/eCMmKLNJ497lup3z5UdJK6,,,f,2025-08-04 14:59:22.511,2025-08-04 14:59:22.511,3
36,Lisa Anderson,lisa.anderson@corp.com,+1-555-0106,$2a$12$XWO8By32/E3RbQukC8Y/eeAGjNjVI7dfkx.cmxJhEcUMuglwh39hq,,,f,2025-08-04 14:59:22.774,2025-08-04 14:59:22.774,3
37,James Taylor,james.taylor@gmail.com,+1-555-0107,$2a$12$GSrFJ6.8RfP05DUZTHrAPev9IgYkkpmcNQN5T00DGmsBOL8BsEj1y,,,f,2025-08-04 14:59:23.032,2025-08-04 14:59:23.032,3
38,Maria Garcia,maria.garcia@yahoo.com,+1-555-0108,$2a$12$D061vQem.id2JwbxT7rmb.vajxiJXXiWJFYQcQgO2.i78Vge0M0fy,,,f,2025-08-04 14:59:23.286,2025-08-04 14:59:23.286,3
39,Robert Miller,robert.m@business.com,+1-555-0109,$2a$12$lT.OI6uGP.66bP6WM9px4eTOuZj9ydMECBRX1fKOAaT7BlsJmavVm,,,f,2025-08-04 14:59:23.541,2025-08-04 14:59:23.541,3
40,Jennifer Lee,jennifer.lee@gmail.com,+1-555-0110,$2a$12$oDlIf0yDDZDI/Fz8fSxcm.HBx1GhaFYk1ajY/piy.vcJm7FrsJl5u,,,f,2025-08-04 14:59:23.794,2025-08-04 14:59:23.794,3
41,Christopher White,chris.white@hotmail.com,+1-555-0111,$2a$12$QF1uLZw6It2gAw.tN.1.QOmd3nbcrAK.wsEK70UQLGxONCcd2tMp6,,,f,2025-08-04 14:59:24.049,2025-08-04 14:59:24.049,3
42,Amanda Thompson,amanda.t@company.com,+1-555-0112,$2a$12$TDvjHV9EsbOjffYwHnLL2uOIkcj.lK5b1zDi/kU5pi42l3sMKwki2,,,f,2025-08-04 14:59:24.305,2025-08-04 14:59:24.305,3
43,Daniel Martinez,daniel.martinez@gmail.com,+1-555-0113,$2a$12$S1YXbujCFRhJ4eqQ5OqWUOIBY1DuPmxOB1dSLSVnBVaYfWrnr9Sum,,,f,2025-08-04 14:59:24.56,2025-08-04 14:59:24.56,3
44,Jessica Rodriguez,jessica.r@yahoo.com,+1-555-0114,$2a$12$sfTEJt2w8g7RR03TDzrbdOfty4HtEKSRQosjl9BQt3ge4XfojQ.bi,,,f,2025-08-04 14:59:24.823,2025-08-04 14:59:24.823,3
45,Matthew Clark,matthew.clark@corp.com,+1-555-0115,$2a$12$nOVto53v4doQaOBMX7VUeesiAYogO.XbxSinB9VCfJHSDT.3czoiu,,,f,2025-08-04 14:59:25.078,2025-08-04 16:46:46.547,3
